Hydrology,Water Chemistry,Salt,SO4,Treatment,Rep,Date,Week,CH4 (mg CH4/m2/hr),CO2 flux (mg/m2/hr),N2O flux (ug/m2/hr),CH4_ug_m2_h,N2O_ug_m2_h,CO2_ug_m2_h
Drought,DI,No,No,AD,1,8/24/10,0,0.647453998,728.8463438,103.5507659,647.453998,103.5507659,728846.3438
Drought,DI,No,No,AD,2,8/24/10,0,0.064070804,77.69912899,2.582259844,64.070804,2.582259844,77699.12899
Drought,DI,No,No,AD,3,8/24/10,0,0.002468342,256.5096352,71.45208172,2.468342,71.45208172,256509.6352
Drought,DI,No,No,AD,4,8/24/10,0,0.045147846,127.2391722,74.14001548,45.147846,74.14001548,127239.1722
Drought,DI,No,No,AD,5,8/24/10,0,0.119074875,228.9754548,2011.243906,119.074875,2011.243906,228975.4548
Drought,DI,No,No,AD,1,8/31/10,1,0.014607335,226.0795725,898.7395511,14.607335,898.7395511,226079.5725
Drought,DI,No,No,AD,2,8/31/10,1,0.154065654,375.0365114,208.0836558,154.065654,208.0836558,375036.5114
Drought,DI,No,No,AD,3,8/31/10,1,0.00351694,232.7757986,12.88269547,3.51694,12.88269547,232775.7986
Drought,DI,No,No,AD,4,8/31/10,1,0.041250569,133.339155,88.86432349,41.250569,88.86432349,133339.155
Drought,DI,No,No,AD,5,8/31/10,1,1.66818032,485.442223,61.60223877,1668.18032,61.60223877,485442.223
Drought,DI,No,No,AD,1,9/7/10,2,0.000401634,263.2440231,578.1826454,0.401634,578.1826454,263244.0231
Drought,DI,No,No,AD,2,9/7/10,2,0.006466795,257.6661104,423.8840739,6.466795,423.8840739,257666.1104
Drought,DI,No,No,AD,3,9/7/10,2,-0.001829305,185.0589944,15.04430544,-1.829305,15.04430544,185058.9944
Drought,DI,No,No,AD,4,9/7/10,2,0.002496797,258.2922049,210.7869143,2.496797,210.7869143,258292.2049
Drought,DI,No,No,AD,5,9/7/10,2,2.316280344,347.5945598,77.4088768,2316.280344,77.4088768,347594.5598
Drought,DI,No,No,AD,1,9/14/10,3,-0.002787318,302.1145844,744.3379715,-2.787318,744.3379715,302114.5844
Drought,DI,No,No,AD,2,9/14/10,3,0.009124029,372.8190893,610.0318806,9.124029,610.0318806,372819.0893
Drought,DI,No,No,AD,3,9/14/10,3,0.000929171,177.1935749,9.947280599,0.929171,9.947280599,177193.5749
Drought,DI,No,No,AD,4,9/14/10,3,-0.001434175,192.4308333,538.8259374,-1.434175,538.8259374,192430.8333
Drought,DI,No,No,AD,5,9/14/10,3,-0.000494319,456.3893559,163.8074384,-0.494319,163.8074384,456389.3559
Drought,DI,No,No,AD,1,9/21/10,4,-0.00035475,226.8046403,191.6157096,-0.35475,191.6157096,226804.6403
Drought,DI,No,No,AD,2,9/21/10,4,0.004615268,223.1899627,147.6129574,4.615268,147.6129574,223189.9627
Drought,DI,No,No,AD,3,9/21/10,4,0.003714979,138.9628454,10.29742275,3.714979,10.29742275,138962.8454
Drought,DI,No,No,AD,4,9/21/10,4,0.002718753,167.6472335,170.4659737,2.718753,170.4659737,167647.2335
Drought,DI,No,No,AD,5,9/21/10,4,-0.001280513,150.0679946,25.90238392,-1.280513,25.90238392,150067.9946
Drought,DI,No,No,AD,1,10/5/10,6,0.00443044,208.5566446,201.9417733,4.43044,201.9417733,208556.6446
Drought,DI,No,No,AD,2,10/5/10,6,0.013427095,261.8434907,359.8330719,13.427095,359.8330719,261843.4907
Drought,DI,No,No,AD,3,10/5/10,6,-0.0033605,149.474611,20.55359511,-3.3605,20.55359511,149474.611
Drought,DI,No,No,AD,4,10/5/10,6,0.016415772,155.1888623,99.77968385,16.415772,99.77968385,155188.8623
Drought,DI,No,No,AD,5,10/5/10,6,-0.00584456,107.73388,3.711940406,-5.84456,3.711940406,107733.88
Drought,DI,No,No,AD,1,10/19/10,8,0.000360712,274.9980037,253.8045669,0.360712,253.8045669,274998.0037
Drought,DI,No,No,AD,2,10/19/10,8,-0.005565422,367.2029503,238.667569,-5.565422,238.667569,367202.9503
Drought,DI,No,No,AD,3,10/19/10,8,-0.001594341,120.049145,49.68492901,-1.594341,49.68492901,120049.145
Drought,DI,No,No,AD,4,10/19/10,8,0,161.4805707,331.9123571,0,331.9123571,161480.5707
Drought,DI,No,No,AD,5,10/19/10,8,-0.003866743,118.6112207,30.87285193,-3.866743,30.87285193,118611.2207
Drought,DI,No,No,AD,1,11/2/10,10,0.006826016,211.8266448,515.2490741,6.826016,515.2490741,211826.6448
Drought,DI,No,No,AD,2,11/2/10,10,-0.005672199,281.772972,8.243383699,-5.672199,8.243383699,281772.972
Drought,DI,No,No,AD,3,11/2/10,10,0.000875785,126.3145033,66.9939146,0.875785,66.9939146,126314.5033
Drought,DI,No,No,AD,4,11/2/10,10,0.000709906,139.9239505,331.9254599,0.709906,331.9254599,139923.9505
Drought,DI,No,No,AD,5,11/2/10,10,-0.005613481,170.1190143,34.69645481,-5.613481,34.69645481,170119.0143
Drought,DI,No,No,AD,1,11/16/10,12,0.001639057,191.9606593,638.1304777,1.639057,638.1304777,191960.6593
Drought,DI,No,No,AD,2,11/16/10,12,-0.002170571,222.3583128,10.5582134,-2.170571,10.5582134,222358.3128
Drought,DI,No,No,AD,3,11/16/10,12,4.27E-05,101.1245504,57.23045943,0.0427,57.23045943,101124.5504
Drought,DI,No,No,AD,4,11/16/10,12,0.000229273,175.7515552,538.6781708,0.229273,538.6781708,175751.5552
Drought,DI,No,No,AD,5,11/16/10,12,6.77E-05,199.0663363,37.00090682,0.0677,37.00090682,199066.3363
Drought,DI,No,No,AD,1,11/30/10,14,-0.003628875,229.4204958,129.3855444,-3.628875,129.3855444,229420.4958
Drought,DI,No,No,AD,2,11/30/10,14,-0.004122764,235.2967374,38.73048781,-4.122764,38.73048781,235296.7374
Drought,DI,No,No,AD,3,11/30/10,14,0.004912391,74.07701748,67.55108507,4.912391,67.55108507,74077.01748
Drought,DI,No,No,AD,4,11/30/10,14,-0.002889693,152.2283876,330.9910737,-2.889693,330.9910737,152228.3876
Drought,DI,No,No,AD,5,11/30/10,14,0.000979676,237.4651716,202.8267563,0.979676,202.8267563,237465.1716
Flooded,DI,No,No,AF,1,8/24/10,0,0.003773562,191.6433477,613.6306087,3.773562,613.6306087,191643.3477
Flooded,DI,No,No,AF,2,8/24/10,0,0.460537987,205.1217021,7.236264048,460.537987,7.236264048,205121.7021
Flooded,DI,No,No,AF,3,8/24/10,0,0.002924448,119.3366532,2665.336726,2.924448,2665.336726,119336.6532
Flooded,DI,No,No,AF,4,8/24/10,0,0.012715835,89.33226826,87.40627639,12.715835,87.40627639,89332.26826
Flooded,DI,No,No,AF,5,8/24/10,0,0.350538788,413.6642072,132.5833816,350.538788,132.5833816,413664.2072
Flooded,DI,No,No,AF,1,8/31/10,1,0.152562192,163.8489709,801.5595844,152.562192,801.5595844,163848.9709
Flooded,DI,No,No,AF,2,8/31/10,1,0.940712406,202.1726616,28.62703015,940.712406,28.62703015,202172.6616
Flooded,DI,No,No,AF,3,8/31/10,1,0.287203071,180.2871538,12.4629011,287.203071,12.4629011,180287.1538
Flooded,DI,No,No,AF,4,8/31/10,1,0.021487192,166.0754883,23.22289366,21.487192,23.22289366,166075.4883
Flooded,DI,No,No,AF,5,8/31/10,1,0.05938329,89.11743781,4.463523346,59.38329,4.463523346,89117.43781
Flooded,DI,No,No,AF,1,9/7/10,2,0.000958285,531.1313325,1357.902446,0.958285,1357.902446,531131.3325
Flooded,DI,No,No,AF,2,9/7/10,2,8.520357807,291.4813058,33.38188209,8520.357807,33.38188209,291481.3058
Flooded,DI,No,No,AF,3,9/7/10,2,2.009588529,219.8235895,3.963608731,2009.588529,3.963608731,219823.5895
Flooded,DI,No,No,AF,4,9/7/10,2,0.011175221,108.8539387,24.44945127,11.175221,24.44945127,108853.9387
Flooded,DI,No,No,AF,5,9/7/10,2,8.067985328,355.8368926,4.251282811,8067.985328,4.251282811,355836.8926
Flooded,DI,No,No,AF,1,9/14/10,3,0.262172132,206.6022768,42.36155186,262.172132,42.36155186,206602.2768
Flooded,DI,No,No,AF,2,9/14/10,3,9.218445656,195.2391323,90.99606504,9218.445656,90.99606504,195239.1323
Flooded,DI,No,No,AF,3,9/14/10,3,0.088542676,118.6433156,8.599349686,88.542676,8.599349686,118643.3156
Flooded,DI,No,No,AF,4,9/14/10,3,-0.047415574,-57.72655871,-29.52620693,-47.415574,-29.52620693,-57726.55871
Flooded,DI,No,No,AF,5,9/14/10,3,3.784293904,245.443828,4.630905471,3784.293904,4.630905471,245443.828
Flooded,DI,No,No,AF,1,9/21/10,4,0.400632328,304.6467797,285.2570817,400.632328,285.2570817,304646.7797
Flooded,DI,No,No,AF,2,9/21/10,4,7.525079178,117.2470447,106.8942425,7525.079178,106.8942425,117247.0447
Flooded,DI,No,No,AF,3,9/21/10,4,6.336143516,156.5504034,8.258410894,6336.143516,8.258410894,156550.4034
Flooded,DI,No,No,AF,4,9/21/10,4,2.198691169,214.3812524,94.66363059,2198.691169,94.66363059,214381.2524
Flooded,DI,No,No,AF,5,9/21/10,4,0.814905035,386.1693863,373.5852989,814.905035,373.5852989,386169.3863
Flooded,DI,No,No,AF,1,10/5/10,6,0.030884081,272.3832542,429.286921,30.884081,429.286921,272383.2542
Flooded,DI,No,No,AF,2,10/5/10,6,27.9630166,115.1663287,93.16957773,27963.0166,93.16957773,115166.3287
Flooded,DI,No,No,AF,3,10/5/10,6,8.12312147,473.0061769,156.7907797,8123.12147,156.7907797,473006.1769
Flooded,DI,No,No,AF,4,10/5/10,6,13.48704254,212.3735612,71.04835603,13487.04254,71.04835603,212373.5612
Flooded,DI,No,No,AF,5,10/5/10,6,0.409913271,343.1892475,1495.706798,409.913271,1495.706798,343189.2475
Flooded,DI,No,No,AF,1,10/19/10,8,0.006136707,112.2812702,1108.050676,6.136707,1108.050676,112281.2702
Flooded,DI,No,No,AF,2,10/19/10,8,15.09893493,90.219431,40.81192814,15098.93493,40.81192814,90219.431
Flooded,DI,No,No,AF,3,10/19/10,8,5.723387225,316.8554795,616.045908,5723.387225,616.045908,316855.4795
Flooded,DI,No,No,AF,4,10/19/10,8,0.030791667,473.9599276,320.0596568,30.791667,320.0596568,473959.9276
Flooded,DI,No,No,AF,5,10/19/10,8,0.379666059,376.4490782,472.4457945,379.666059,472.4457945,376449.0782
Flooded,DI,No,No,AF,1,11/2/10,10,0.793540655,313.0446611,324.827163,793.540655,324.827163,313044.6611
Flooded,DI,No,No,AF,2,11/2/10,10,3.691780463,60.80270191,52.94575599,3691.780463,52.94575599,60802.70191
Flooded,DI,No,No,AF,3,11/2/10,10,3.444265464,180.6960611,1124.608017,3444.265464,1124.608017,180696.0611
Flooded,DI,No,No,AF,4,11/2/10,10,5.672014707,298.117868,499.4884225,5672.014707,499.4884225,298117.868
Flooded,DI,No,No,AF,5,11/2/10,10,-0.012078378,576.9196285,2634.856225,-12.078378,2634.856225,576919.6285
Flooded,DI,No,No,AF,1,11/16/10,12,0.002767535,225.7913319,1258.583311,2.767535,1258.583311,225791.3319
Flooded,DI,No,No,AF,2,11/16/10,12,33.44170101,79.20705664,6.508653949,33441.70101,6.508653949,79207.05664
Flooded,DI,No,No,AF,3,11/16/10,12,8.411104609,519.8414508,2632.904524,8411.104609,2632.904524,519841.4508
Flooded,DI,No,No,AF,4,11/16/10,12,0.167906579,523.7680112,823.7979662,167.906579,823.7979662,523768.0112
Flooded,DI,No,No,AF,5,11/16/10,12,-0.003258195,451.522711,10.2725758,-3.258195,10.2725758,451522.711
Flooded,DI,No,No,AF,1,11/30/10,14,0.000163249,58.65545702,522.7278938,0.163249,522.7278938,58655.45702
Flooded,DI,No,No,AF,2,11/30/10,14,27.66304801,65.52181769,16.66589724,27663.04801,16.66589724,65521.81769
Flooded,DI,No,No,AF,3,11/30/10,14,0.770897167,297.282877,563.7642806,770.897167,563.7642806,297282.877
Flooded,DI,No,No,AF,4,11/30/10,14,-1.163750626,574.5942542,1214.36367,-1163.750626,1214.36367,574594.2542
Flooded,DI,No,No,AF,5,11/30/10,14,0.003497878,412.676774,1313.523272,3.497878,1313.523272,412676.774
Drought,ASW,Yes,Yes,BD,1,8/24/10,0,0.430487617,246.7758447,21.35048281,430.487617,21.35048281,246775.8447
Drought,ASW,Yes,Yes,BD,2,8/24/10,0,0.20567029,371.2944741,19.99751449,205.67029,19.99751449,371294.4741
Drought,ASW,Yes,Yes,BD,3,8/24/10,0,0.293903813,193.2954902,4.938516622,293.903813,4.938516622,193295.4902
Drought,ASW,Yes,Yes,BD,4,8/24/10,0,0.191251757,565.0579217,33.08631315,191.251757,33.08631315,565057.9217
Drought,ASW,Yes,Yes,BD,5,8/24/10,0,0.001373537,244.783047,393.1112421,1.373537,393.1112421,244783.047
Drought,ASW,Yes,Yes,BD,1,8/31/10,1,-0.000771357,207.4864887,320.8328507,-0.771357,320.8328507,207486.4887
Drought,ASW,Yes,Yes,BD,2,8/31/10,1,0.109727919,310.0405244,379.0566858,109.727919,379.0566858,310040.5244
Drought,ASW,Yes,Yes,BD,3,8/31/10,1,0.344233785,459.2171153,74.39488266,344.233785,74.39488266,459217.1153
Drought,ASW,Yes,Yes,BD,4,8/31/10,1,0.009615005,274.5482451,223.7870005,9.615005,223.7870005,274548.2451
Drought,ASW,Yes,Yes,BD,5,8/31/10,1,-0.00195634,307.050131,872.7649945,-1.95634,872.7649945,307050.131
Drought,ASW,Yes,Yes,BD,1,9/7/10,2,-0.002811641,207.4835302,379.8634397,-2.811641,379.8634397,207483.5302
Drought,ASW,Yes,Yes,BD,2,9/7/10,2,-0.002082968,378.9846387,1114.922137,-2.082968,1114.922137,378984.6387
Drought,ASW,Yes,Yes,BD,3,9/7/10,2,0.79509885,354.437474,314.7279503,795.09885,314.7279503,354437.474
Drought,ASW,Yes,Yes,BD,4,9/7/10,2,0.145181129,285.2311546,513.6867835,145.181129,513.6867835,285231.1546
Drought,ASW,Yes,Yes,BD,5,9/7/10,2,0.001650439,314.4805502,435.244601,1.650439,435.244601,314480.5502
Drought,ASW,Yes,Yes,BD,1,9/14/10,3,-0.006323161,175.8953829,40.11368431,-6.323161,40.11368431,175895.3829
Drought,ASW,Yes,Yes,BD,2,9/14/10,3,-0.002681354,236.9245622,1592.847399,-2.681354,1592.847399,236924.5622
Drought,ASW,Yes,Yes,BD,3,9/14/10,3,-0.029340419,44.72509354,339.9106438,-29.340419,339.9106438,44725.09354
Drought,ASW,Yes,Yes,BD,4,9/14/10,3,-0.002684606,277.09768,731.2228008,-2.684606,731.2228008,277097.68
Drought,ASW,Yes,Yes,BD,5,9/14/10,3,0.001851527,288.5895116,128.0531286,1.851527,128.0531286,288589.5116
Drought,ASW,Yes,Yes,BD,1,9/21/10,4,-0.002311157,129.5521367,57.44509911,-2.311157,57.44509911,129552.1367
Drought,ASW,Yes,Yes,BD,2,9/21/10,4,0.010735985,264.2727114,1348.462205,10.735985,1348.462205,264272.7114
Drought,ASW,Yes,Yes,BD,3,9/21/10,4,0.117461677,177.7046377,1509.182336,117.461677,1509.182336,177704.6377
Drought,ASW,Yes,Yes,BD,4,9/21/10,4,-0.002533384,135.6682994,40.12982738,-2.533384,40.12982738,135668.2994
Drought,ASW,Yes,Yes,BD,5,9/21/10,4,-0.000827117,198.003507,117.3536539,-0.827117,117.3536539,198003.507
Drought,ASW,Yes,Yes,BD,1,10/5/10,6,0.000269924,98.62542024,25.82192891,0.269924,25.82192891,98625.42024
Drought,ASW,Yes,Yes,BD,2,10/5/10,6,-0.001842313,152.702981,78.63136145,-1.842313,78.63136145,152702.981
Drought,ASW,Yes,Yes,BD,3,10/5/10,6,0.098521464,285.0382807,1289.123215,98.521464,1289.123215,285038.2807
Drought,ASW,Yes,Yes,BD,4,10/5/10,6,0.14542158,163.4718497,1874.666687,145.42158,1874.666687,163471.8497
Drought,ASW,Yes,Yes,BD,5,10/5/10,6,0.001351788,195.6930088,115.7773979,1.351788,115.7773979,195693.0088
Drought,ASW,Yes,Yes,BD,1,10/19/10,8,-0.00072305,85.71275755,8.219727025,-0.72305,8.219727025,85712.75755
Drought,ASW,Yes,Yes,BD,2,10/19/10,8,0.00026342,120.3841634,722.9910223,0.26342,722.9910223,120384.1634
Drought,ASW,Yes,Yes,BD,3,10/19/10,8,0.003661048,123.2185449,2088.488909,3.661048,2088.488909,123218.5449
Drought,ASW,Yes,Yes,BD,4,10/19/10,8,-0.000705705,83.64626207,59.57419974,-0.705705,59.57419974,83646.26207
Drought,ASW,Yes,Yes,BD,5,10/19/10,8,-0.003645601,121.9318247,97.08758414,-3.645601,97.08758414,121931.8247
Drought,ASW,Yes,Yes,BD,1,11/2/10,10,-0.002314974,70.33417848,16.36870721,-2.314974,16.36870721,70334.17848
Drought,ASW,Yes,Yes,BD,2,11/2/10,10,-0.002800869,118.1728458,3246.575159,-2.800869,3246.575159,118172.8458
Drought,ASW,Yes,Yes,BD,3,11/2/10,10,0.113719078,158.1281818,7892.011012,113.719078,7892.011012,158128.1818
Drought,ASW,Yes,Yes,BD,4,11/2/10,10,0.000999387,68.74552021,25.94928811,0.999387,25.94928811,68745.52021
Drought,ASW,Yes,Yes,BD,5,11/2/10,10,0.000554302,125.5552805,82.99408356,0.554302,82.99408356,125555.2805
Drought,ASW,Yes,Yes,BD,1,11/16/10,12,-0.001688448,67.73168739,27.95900809,-1.688448,27.95900809,67731.68739
Drought,ASW,Yes,Yes,BD,2,11/16/10,12,0.000785381,167.1103386,3358.441237,0.785381,3358.441237,167110.3386
Drought,ASW,Yes,Yes,BD,3,11/16/10,12,0.04290959,146.5840219,8290.110569,42.90959,8290.110569,146584.0219
Drought,ASW,Yes,Yes,BD,4,11/16/10,12,-0.000863838,61.34937297,26.97990635,-0.863838,26.97990635,61349.37297
Drought,ASW,Yes,Yes,BD,5,11/16/10,12,0.004352322,119.7176068,57.86296858,4.352322,57.86296858,119717.6068
Drought,ASW,Yes,Yes,BD,1,11/30/10,14,0.000371643,63.80743256,34.57787799,0.371643,34.57787799,63807.43256
Drought,ASW,Yes,Yes,BD,2,11/30/10,14,0.000903572,138.9732724,2750.456455,0.903572,2750.456455,138973.2724
Drought,ASW,Yes,Yes,BD,3,11/30/10,14,0.086523534,318.9715892,2989.030399,86.523534,2989.030399,318971.5892
Drought,ASW,Yes,Yes,BD,4,11/30/10,14,0.000304529,29.90870078,39.68925647,0.304529,39.68925647,29908.70078
Drought,ASW,Yes,Yes,BD,5,11/30/10,14,0.004926017,76.02728158,43.87091321,4.926017,43.87091321,76027.28158
Flooded,ASW,Yes,Yes,BF,1,8/24/10,0,0.045111079,260.0460429,70.38280751,45.111079,70.38280751,260046.0429
Flooded,ASW,Yes,Yes,BF,2,8/24/10,0,0.054311465,122.1559052,92.04261248,54.311465,92.04261248,122155.9052
Flooded,ASW,Yes,Yes,BF,3,8/24/10,0,1.261664383,534.9816337,39.43567511,1261.664383,39.43567511,534981.6337
Flooded,ASW,Yes,Yes,BF,4,8/24/10,0,0.002605472,105.6698556,-904.5635812,2.605472,-904.5635812,105669.8556
Flooded,ASW,Yes,Yes,BF,5,8/24/10,0,-0.000551501,133.4312831,8.400648505,-0.551501,8.400648505,133431.2831
Flooded,ASW,Yes,Yes,BF,1,8/31/10,1,0.245488943,198.4791674,150.1155433,245.488943,150.1155433,198479.1674
Flooded,ASW,Yes,Yes,BF,2,8/31/10,1,1.302715965,438.5828102,36.9411235,1302.715965,36.9411235,438582.8102
Flooded,ASW,Yes,Yes,BF,3,8/31/10,1,0.073842317,123.2218911,28.99683306,73.842317,28.99683306,123221.8911
Flooded,ASW,Yes,Yes,BF,4,8/31/10,1,0.019085428,137.3209192,13.37271594,19.085428,13.37271594,137320.9192
Flooded,ASW,Yes,Yes,BF,5,8/31/10,1,-0.001944664,153.765122,41.42536504,-1.944664,41.42536504,153765.122
Flooded,ASW,Yes,Yes,BF,1,9/7/10,2,3.359548407,283.4887585,15.54637742,3359.548407,15.54637742,283488.7585
Flooded,ASW,Yes,Yes,BF,2,9/7/10,2,1.901103182,201.7299628,29.70022855,1901.103182,29.70022855,201729.9628
Flooded,ASW,Yes,Yes,BF,3,9/7/10,2,2.300262192,270.3058723,47.93238236,2300.262192,47.93238236,270305.8723
Flooded,ASW,Yes,Yes,BF,4,9/7/10,2,-0.020415039,57.42536173,93.95284239,-20.415039,93.95284239,57425.36173
Flooded,ASW,Yes,Yes,BF,5,9/7/10,2,0.00050814,225.3670628,5078.183987,0.50814,5078.183987,225367.0628
Flooded,ASW,Yes,Yes,BF,1,9/14/10,3,17.02137729,219.5728821,3.142097259,17021.37729,3.142097259,219572.8821
Flooded,ASW,Yes,Yes,BF,2,9/14/10,3,1.300111487,176.3441376,10.90334605,1300.111487,10.90334605,176344.1376
Flooded,ASW,Yes,Yes,BF,3,9/14/10,3,24.57953524,525.2714864,1.057780641,24579.53524,1.057780641,525271.4864
Flooded,ASW,Yes,Yes,BF,4,9/14/10,3,0.01717324,29.58622231,1.632050115,17.17324,1.632050115,29586.22231
Flooded,ASW,Yes,Yes,BF,5,9/14/10,3,0.005138313,145.7242671,1102.978427,5.138313,1102.978427,145724.2671
Flooded,ASW,Yes,Yes,BF,1,9/21/10,4,1.838230369,212.5448562,5.393424043,1838.230369,5.393424043,212544.8562
Flooded,ASW,Yes,Yes,BF,2,9/21/10,4,9.313082626,176.2955939,3.861766007,9313.082626,3.861766007,176295.5939
Flooded,ASW,Yes,Yes,BF,3,9/21/10,4,0.756379756,88.76445405,2.247384005,756.379756,2.247384005,88764.45405
Flooded,ASW,Yes,Yes,BF,4,9/21/10,4,0.185668719,128.693338,3.778521296,185.668719,3.778521296,128693.338
Flooded,ASW,Yes,Yes,BF,5,9/21/10,4,0.001085387,101.661823,432.4386582,1.085387,432.4386582,101661.823
Flooded,ASW,Yes,Yes,BF,1,10/5/10,6,2.296692208,131.6065636,5.079787136,2296.692208,5.079787136,131606.5636
Flooded,ASW,Yes,Yes,BF,2,10/5/10,6,59.2349539,379.8789907,3.822263825,59234.9539,3.822263825,379878.9907
Flooded,ASW,Yes,Yes,BF,3,10/5/10,6,2.707140178,92.00673723,0.858186755,2707.140178,0.858186755,92006.73723
Flooded,ASW,Yes,Yes,BF,4,10/5/10,6,1.462949176,173.1105267,2.150674332,1462.949176,2.150674332,173110.5267
Flooded,ASW,Yes,Yes,BF,5,10/5/10,6,-0.001141486,85.69809658,60.73270723,-1.141486,60.73270723,85698.09658
Flooded,ASW,Yes,Yes,BF,1,10/19/10,8,12.44778118,126.3238548,6.998060686,12447.78118,6.998060686,126323.8548
Flooded,ASW,Yes,Yes,BF,2,10/19/10,8,85.5297005,258.2859218,4.767786854,85529.7005,4.767786854,258285.9218
Flooded,ASW,Yes,Yes,BF,3,10/19/10,8,7.165074078,61.02912215,0.477076254,7165.074078,0.477076254,61029.12215
Flooded,ASW,Yes,Yes,BF,4,10/19/10,8,24.44529073,180.3886838,8.162147574,24445.29073,8.162147574,180388.6838
Flooded,ASW,Yes,Yes,BF,5,10/19/10,8,0.002942064,91.29441108,78.42276613,2.942064,78.42276613,91294.41108
Flooded,ASW,Yes,Yes,BF,1,11/2/10,10,26.60235522,50.19359046,1.038178334,26602.35522,1.038178334,50193.59046
Flooded,ASW,Yes,Yes,BF,2,11/2/10,10,43.74455083,193.9195922,2.14189607,43744.55083,2.14189607,193919.5922
Flooded,ASW,Yes,Yes,BF,3,11/2/10,10,28.73364248,60.12169894,2.373106579,28733.64248,2.373106579,60121.69894
Flooded,ASW,Yes,Yes,BF,4,11/2/10,10,12.68364625,81.98304913,17.46606442,12683.64625,17.46606442,81983.04913
Flooded,ASW,Yes,Yes,BF,5,11/2/10,10,-0.001365203,63.64597627,65.94855743,-1.365203,65.94855743,63645.97627
Flooded,ASW,Yes,Yes,BF,1,11/16/10,12,170.7669202,102.5833598,8.846145331,170766.9202,8.846145331,102583.3598
Flooded,ASW,Yes,Yes,BF,2,11/16/10,12,19.35307125,164.1831585,3.268331279,19353.07125,3.268331279,164183.1585
Flooded,ASW,Yes,Yes,BF,3,11/16/10,12,9.202818957,32.85809756,3.533548257,9202.818957,3.533548257,32858.09756
Flooded,ASW,Yes,Yes,BF,4,11/16/10,12,44.93098352,101.6668125,2.622989494,44930.98352,2.622989494,101666.8125
Flooded,ASW,Yes,Yes,BF,5,11/16/10,12,-0.000295941,88.5861219,88.65985692,-0.295941,88.65985692,88586.1219
Flooded,ASW,Yes,Yes,BF,1,11/30/10,14,45.28515172,74.78753747,23.19548691,45285.15172,23.19548691,74787.53747
Flooded,ASW,Yes,Yes,BF,2,11/30/10,14,14.56929282,130.2080188,14.25819887,14569.29282,14.25819887,130208.0188
Flooded,ASW,Yes,Yes,BF,3,11/30/10,14,13.98315164,21.28380392,21.99108495,13983.15164,21.99108495,21283.80392
Flooded,ASW,Yes,Yes,BF,4,11/30/10,14,56.40729959,75.11894333,23.88783275,56407.29959,23.88783275,75118.94333
Flooded,ASW,Yes,Yes,BF,5,11/30/10,14,0.001789951,63.89332825,86.10041354,1.789951,86.10041354,63893.32825
Drought,ASW-SO4,Yes,No,CD,1,8/24/10,0,0.303343431,225.6818239,601.5063403,303.343431,601.5063403,225681.8239
Drought,ASW-SO4,Yes,No,CD,2,8/24/10,0,0.082679506,106.1161851,34.28893513,82.679506,34.28893513,106116.1851
Drought,ASW-SO4,Yes,No,CD,3,8/24/10,0,0.26564483,155.2460109,10.13800058,265.64483,10.13800058,155246.0109
Drought,ASW-SO4,Yes,No,CD,4,8/24/10,0,0.194373951,152.9191408,118.3529624,194.373951,118.3529624,152919.1408
Drought,ASW-SO4,Yes,No,CD,5,8/24/10,0,0.000206689,229.0254288,186.4755905,0.206689,186.4755905,229025.4288
Drought,ASW-SO4,Yes,No,CD,1,8/31/10,1,0.006099308,318.0149214,425.0610307,6.099308,425.0610307,318014.9214
Drought,ASW-SO4,Yes,No,CD,2,8/31/10,1,0.000681924,194.2802009,168.0181775,0.681924,168.0181775,194280.2009
Drought,ASW-SO4,Yes,No,CD,3,8/31/10,1,0.097876601,475.1707088,750.2057936,97.876601,750.2057936,475170.7088
Drought,ASW-SO4,Yes,No,CD,4,8/31/10,1,1.494145593,220.3258993,196.2940524,1494.145593,196.2940524,220325.8993
Drought,ASW-SO4,Yes,No,CD,5,8/31/10,1,0.000778809,203.3217265,89.25930811,0.778809,89.25930811,203321.7265
Drought,ASW-SO4,Yes,No,CD,1,9/7/10,2,-0.001468932,279.3639715,609.3029904,-1.468932,609.3029904,279363.9715
Drought,ASW-SO4,Yes,No,CD,2,9/7/10,2,-0.000589036,109.7220371,468.6166401,-0.589036,468.6166401,109722.0371
Drought,ASW-SO4,Yes,No,CD,3,9/7/10,2,0.082282118,407.555053,593.3160725,82.282118,593.3160725,407555.053
Drought,ASW-SO4,Yes,No,CD,4,9/7/10,2,0.678678217,216.6877098,550.5959323,678.678217,550.5959323,216687.7098
Drought,ASW-SO4,Yes,No,CD,5,9/7/10,2,0.001292709,199.5895566,154.5907834,1.292709,154.5907834,199589.5566
Drought,ASW-SO4,Yes,No,CD,1,9/14/10,3,-0.003422561,152.710146,42.41042744,-3.422561,42.41042744,152710.146
Drought,ASW-SO4,Yes,No,CD,2,9/14/10,3,-0.002595173,177.6080008,37.66856622,-2.595173,37.66856622,177608.0008
Drought,ASW-SO4,Yes,No,CD,3,9/14/10,3,-0.06133753,-70.50412346,-42.44223005,-61.33753,-42.44223005,-70504.12346
Drought,ASW-SO4,Yes,No,CD,4,9/14/10,3,0.035504769,454.1321852,275.3290527,35.504769,275.3290527,454132.1852
Drought,ASW-SO4,Yes,No,CD,5,9/14/10,3,0.000402176,198.0433568,148.3076304,0.402176,148.3076304,198043.3568
Drought,ASW-SO4,Yes,No,CD,1,9/21/10,4,-0.001235797,107.4581349,36.45567814,-1.235797,36.45567814,107458.1349
Drought,ASW-SO4,Yes,No,CD,2,9/21/10,4,-0.001451519,90.02637935,57.99872479,-1.451519,57.99872479,90026.37935
Drought,ASW-SO4,Yes,No,CD,3,9/21/10,4,0.006595253,242.7613699,1950.119599,6.595253,1950.119599,242761.3699
Drought,ASW-SO4,Yes,No,CD,4,9/21/10,4,0.001324687,100.8585138,21.50436278,1.324687,21.50436278,100858.5138
Drought,ASW-SO4,Yes,No,CD,5,9/21/10,4,-0.000114907,153.469436,142.9139088,-0.114907,142.9139088,153469.436
Drought,ASW-SO4,Yes,No,CD,1,10/5/10,6,-0.002611434,78.33591923,8.368585529,-2.611434,8.368585529,78335.91923
Drought,ASW-SO4,Yes,No,CD,2,10/5/10,6,9.92E-05,116.2534875,32.77509399,0.0992,32.77509399,116253.4875
Drought,ASW-SO4,Yes,No,CD,3,10/5/10,6,0.032050771,238.6487965,1290.730219,32.050771,1290.730219,238648.7965
Drought,ASW-SO4,Yes,No,CD,4,10/5/10,6,0.001055305,97.84728517,51.64943722,1.055305,51.64943722,97847.28517
Drought,ASW-SO4,Yes,No,CD,5,10/5/10,6,0.001990283,158.3401609,148.9004607,1.990283,148.9004607,158340.1609
Drought,ASW-SO4,Yes,No,CD,1,10/19/10,8,0.000834976,74.97715426,7.834004216,0.834976,7.834004216,74977.15426
Drought,ASW-SO4,Yes,No,CD,2,10/19/10,8,-0.000818715,85.60660431,13.33801205,-0.818715,13.33801205,85606.60431
Drought,ASW-SO4,Yes,No,CD,3,10/19/10,8,0.001099209,100.7783392,147.6582622,1.099209,147.6582622,100778.3392
Drought,ASW-SO4,Yes,No,CD,4,10/19/10,8,0.00081736,53.15741315,47.57862954,0.81736,47.57862954,53157.41315
Drought,ASW-SO4,Yes,No,CD,5,10/19/10,8,0.002541785,136.5470847,166.3439099,2.541785,166.3439099,136547.0847
Drought,ASW-SO4,Yes,No,CD,1,11/2/10,10,-0.000339099,58.41979005,3.717594203,-0.339099,3.717594203,58419.79005
Drought,ASW-SO4,Yes,No,CD,2,11/2/10,10,-0.001022875,82.61353147,10.16225239,-1.022875,10.16225239,82613.53147
Drought,ASW-SO4,Yes,No,CD,3,11/2/10,10,-0.001347,92.04481496,21.1557616,-1.347,21.1557616,92044.81496
Drought,ASW-SO4,Yes,No,CD,4,11/2/10,10,-0.000838499,49.97128253,33.36930053,-0.838499,33.36930053,49971.28253
Drought,ASW-SO4,Yes,No,CD,5,11/2/10,10,0.001790618,120.2458735,147.0162959,1.790618,147.0162959,120245.8735
Drought,ASW-SO4,Yes,No,CD,1,11/16/10,12,0.000167483,45.15703363,2.178032011,0.167483,2.178032011,45157.03363
Drought,ASW-SO4,Yes,No,CD,2,11/16/10,12,0.000227647,81.35718813,13.07979722,0.227647,13.07979722,81357.18813
Drought,ASW-SO4,Yes,No,CD,3,11/16/10,12,0.003723245,111.5265621,26.145088,3.723245,26.145088,111526.5621
Drought,ASW-SO4,Yes,No,CD,4,11/16/10,12,0.000983759,54.92631402,41.03183106,0.983759,41.03183106,54926.31402
Drought,ASW-SO4,Yes,No,CD,5,11/16/10,12,0.002097196,129.1233474,158.4631689,2.097196,158.4631689,129123.3474
Drought,ASW-SO4,Yes,No,CD,1,11/30/10,14,0.000363831,39.02220134,18.92612937,0.363831,18.92612937,39022.20134
Drought,ASW-SO4,Yes,No,CD,2,11/30/10,14,0.001760923,63.09509386,158.4774108,1.760923,158.4774108,63095.09386
Drought,ASW-SO4,Yes,No,CD,3,11/30/10,14,-0.004914789,73.5429742,48.14045663,-4.914789,48.14045663,73542.9742
Drought,ASW-SO4,Yes,No,CD,4,11/30/10,14,-0.000435639,35.32697929,36.64899766,-0.435639,36.64899766,35326.97929
Drought,ASW-SO4,Yes,No,CD,5,11/30/10,14,0.00149512,99.74979861,152.847938,1.49512,152.847938,99749.79861
Flooded,ASW-SO4,Yes,No,CF,1,8/24/10,0,1.11875769,408.6843889,8.944268453,1118.75769,8.944268453,408684.3889
Flooded,ASW-SO4,Yes,No,CF,2,8/24/10,0,2.893953635,356.6984227,22.46379712,2893.953635,22.46379712,356698.4227
Flooded,ASW-SO4,Yes,No,CF,3,8/24/10,0,14.59931562,430.8275706,11.59478301,14599.31562,11.59478301,430827.5706
Flooded,ASW-SO4,Yes,No,CF,4,8/24/10,0,0.004027948,161.2216247,5523.984928,4.027948,5523.984928,161221.6247
Flooded,ASW-SO4,Yes,No,CF,5,8/24/10,0,-0.001907897,27.4066716,286.5701015,-1.907897,286.5701015,27406.6716
Flooded,ASW-SO4,Yes,No,CF,1,8/31/10,1,2.645219529,218.7020558,13.23062712,2645.219529,13.23062712,218702.0558
Flooded,ASW-SO4,Yes,No,CF,2,8/31/10,1,3.127227814,240.4075881,1.99028506,3127.227814,1.99028506,240407.5881
Flooded,ASW-SO4,Yes,No,CF,3,8/31/10,1,-0.090718261,-64.23233241,-18.79701269,-90.718261,-18.79701269,-64232.33241
Flooded,ASW-SO4,Yes,No,CF,4,8/31/10,1,0.387918662,314.237548,32.09920497,387.918662,32.09920497,314237.548
Flooded,ASW-SO4,Yes,No,CF,5,8/31/10,1,0.972513171,97.93513871,87.46385584,972.513171,87.46385584,97935.13871
Flooded,ASW-SO4,Yes,No,CF,1,9/7/10,2,12.65409426,147.6472075,22.25475544,12654.09426,22.25475544,147647.2075
Flooded,ASW-SO4,Yes,No,CF,2,9/7/10,2,15.9375048,194.332629,2.952620693,15937.5048,2.952620693,194332.629
Flooded,ASW-SO4,Yes,No,CF,3,9/7/10,2,1.240815642,72.99019189,4.504810937,1240.815642,4.504810937,72990.19189
Flooded,ASW-SO4,Yes,No,CF,4,9/7/10,2,0.162051991,55.79235897,6.664040355,162.051991,6.664040355,55792.35897
Flooded,ASW-SO4,Yes,No,CF,5,9/7/10,2,44.10952951,221.5919205,69.9717542,44109.52951,69.9717542,221591.9205
Flooded,ASW-SO4,Yes,No,CF,1,9/14/10,3,7.928966042,131.3223022,0.449142037,7928.966042,0.449142037,131322.3022
Flooded,ASW-SO4,Yes,No,CF,2,9/14/10,3,28.33238543,118.8803539,3.986447092,28332.38543,3.986447092,118880.3539
Flooded,ASW-SO4,Yes,No,CF,3,9/14/10,3,137.1416239,443.5691987,-0.378841544,137141.6239,-0.378841544,443569.1987
Flooded,ASW-SO4,Yes,No,CF,4,9/14/10,3,0.226090116,37.52105967,3.569182051,226.090116,3.569182051,37521.05967
Flooded,ASW-SO4,Yes,No,CF,5,9/14/10,3,-23.41151853,-130.0393039,-41.97943707,-23411.51853,-41.97943707,-130039.3039
Flooded,ASW-SO4,Yes,No,CF,1,9/21/10,4,25.01657493,156.403103,4.928845655,25016.57493,4.928845655,156403.103
Flooded,ASW-SO4,Yes,No,CF,2,9/21/10,4,5.039337109,91.70685332,3.685865991,5039.337109,3.685865991,91706.85332
Flooded,ASW-SO4,Yes,No,CF,3,9/21/10,4,79.95877576,181.4133689,1.704173213,79958.77576,1.704173213,181413.3689
Flooded,ASW-SO4,Yes,No,CF,4,9/21/10,4,3.276294928,123.3319679,4.05511096,3276.294928,4.05511096,123331.9679
Flooded,ASW-SO4,Yes,No,CF,5,9/21/10,4,209.7933227,146.7673029,10.88683101,209793.3227,10.88683101,146767.3029
Flooded,ASW-SO4,Yes,No,CF,1,10/5/10,6,122.4855011,160.3076137,1.706851327,122485.5011,1.706851327,160307.6137
Flooded,ASW-SO4,Yes,No,CF,2,10/5/10,6,53.34301657,99.41985928,3.155934182,53343.01657,3.155934182,99419.85928
Flooded,ASW-SO4,Yes,No,CF,3,10/5/10,6,90.5954216,164.1329086,0.436978936,90595.4216,0.436978936,164132.9086
Flooded,ASW-SO4,Yes,No,CF,4,10/5/10,6,2.181573757,49.32662162,0.688610064,2181.573757,0.688610064,49326.62162
Flooded,ASW-SO4,Yes,No,CF,5,10/5/10,6,403.0073562,397.3274809,11.59177013,403007.3562,11.59177013,397327.4809
Flooded,ASW-SO4,Yes,No,CF,1,10/19/10,8,15.03743209,133.5763493,5.475255304,15037.43209,5.475255304,133576.3493
Flooded,ASW-SO4,Yes,No,CF,2,10/19/10,8,58.07193732,112.4872581,4.653446264,58071.93732,4.653446264,112487.2581
Flooded,ASW-SO4,Yes,No,CF,3,10/19/10,8,124.4874702,242.4094552,1.338982612,124487.4702,1.338982612,242409.4552
Flooded,ASW-SO4,Yes,No,CF,4,10/19/10,8,44.62841983,82.20250714,1.526673768,44628.41983,1.526673768,82202.50714
Flooded,ASW-SO4,Yes,No,CF,5,10/19/10,8,385.5368982,501.2287873,30.73768156,385536.8982,30.73768156,501228.7873
Flooded,ASW-SO4,Yes,No,CF,1,11/2/10,10,82.27204905,87.84545388,5.25326941,82272.04905,5.25326941,87845.45388
Flooded,ASW-SO4,Yes,No,CF,2,11/2/10,10,33.78977044,53.81257137,1.903320747,33789.77044,1.903320747,53812.57137
Flooded,ASW-SO4,Yes,No,CF,3,11/2/10,10,5.269132222,54.78564252,2.032688532,5269.132222,2.032688532,54785.64252
Flooded,ASW-SO4,Yes,No,CF,4,11/2/10,10,221.3848516,151.1098893,35.90346591,221384.8516,35.90346591,151109.8893
Flooded,ASW-SO4,Yes,No,CF,5,11/2/10,10,159.3962882,46.07852253,9.710841391,159396.2882,9.710841391,46078.52253
Flooded,ASW-SO4,Yes,No,CF,1,11/16/10,12,38.15200795,80.90809538,3.413479479,38152.00795,3.413479479,80908.09538
Flooded,ASW-SO4,Yes,No,CF,2,11/16/10,12,111.8535302,70.26447448,4.886023728,111853.5302,4.886023728,70264.47448
Flooded,ASW-SO4,Yes,No,CF,3,11/16/10,12,140.4011009,167.2173437,1.528143011,140401.1009,1.528143011,167217.3437
Flooded,ASW-SO4,Yes,No,CF,4,11/16/10,12,470.1954192,162.1623398,12.23195096,470195.4192,12.23195096,162162.3398
Flooded,ASW-SO4,Yes,No,CF,5,11/16/10,12,552.6693949,139.2439519,6.554265578,552669.3949,6.554265578,139243.9519
Flooded,ASW-SO4,Yes,No,CF,1,11/30/10,14,69.43511716,65.25009368,21.35875156,69435.11716,21.35875156,65250.09368
Flooded,ASW-SO4,Yes,No,CF,2,11/30/10,14,82.6526946,47.94926565,21.10262501,82652.6946,21.10262501,47949.26565
Flooded,ASW-SO4,Yes,No,CF,3,11/30/10,14,69.77341361,98.46338421,16.40006587,69773.41361,16.40006587,98463.38421
Flooded,ASW-SO4,Yes,No,CF,4,11/30/10,14,28.61857167,28.31048738,24.43165387,28618.57167,24.43165387,28310.48738
Flooded,ASW-SO4,Yes,No,CF,5,11/30/10,14,139.5569149,134.0087612,38.86030587,139556.9149,38.86030587,134008.7612
Drought,SO4,No,Yes,DD,1,8/24/10,0,0.082850422,100.8965503,65.2147542,82.850422,65.2147542,100896.5503
Drought,SO4,No,Yes,DD,2,8/24/10,0,-0.596556377,-83.98261722,-20.7427741,-596.556377,-20.7427741,-83982.61722
Drought,SO4,No,Yes,DD,3,8/24/10,0,3.141483878,152.9209306,6.168961224,3141.483878,6.168961224,152920.9306
Drought,SO4,No,Yes,DD,4,8/24/10,0,0.10329473,122.7719002,3.671247952,103.29473,3.671247952,122771.9002
Drought,SO4,No,Yes,DD,5,8/24/10,0,0.000149054,88.69614371,1535.418555,0.149054,1535.418555,88696.14371
Drought,SO4,No,Yes,DD,1,8/31/10,1,0.0058325,378.4104503,138.8731555,5.8325,138.8731555,378410.4503
Drought,SO4,No,Yes,DD,2,8/31/10,1,0.232833972,290.4849084,50.76606875,232.833972,50.76606875,290484.9084
Drought,SO4,No,Yes,DD,3,8/31/10,1,0.042791047,288.7394884,249.080721,42.791047,249.080721,288739.4884
Drought,SO4,No,Yes,DD,4,8/31/10,1,0.019696799,210.1927992,85.36648342,19.696799,85.36648342,210192.7992
Drought,SO4,No,Yes,DD,5,8/31/10,1,0.028322829,226.8443363,973.8962208,28.322829,973.8962208,226844.3363
Drought,SO4,No,Yes,DD,1,9/7/10,2,-0.003440922,229.6544849,418.5117633,-3.440922,418.5117633,229654.4849
Drought,SO4,No,Yes,DD,2,9/7/10,2,0.06511755,256.1445838,133.2555324,65.11755,133.2555324,256144.5838
Drought,SO4,No,Yes,DD,3,9/7/10,2,0.000987824,225.7704452,331.6102138,0.987824,331.6102138,225770.4452
Drought,SO4,No,Yes,DD,4,9/7/10,2,0.005231811,182.1991466,255.6474069,5.231811,255.6474069,182199.1466
Drought,SO4,No,Yes,DD,5,9/7/10,2,0.008633504,268.9786463,860.7113985,8.633504,860.7113985,268978.6463
Drought,SO4,No,Yes,DD,1,9/14/10,3,-0.007155155,164.9571802,84.15556673,-7.155155,84.15556673,164957.1802
Drought,SO4,No,Yes,DD,2,9/14/10,3,-0.004064037,257.5310407,822.3080619,-4.064037,822.3080619,257531.0407
Drought,SO4,No,Yes,DD,3,9/14/10,3,-0.002380535,261.61092,298.3244493,-2.380535,298.3244493,261610.92
Drought,SO4,No,Yes,DD,4,9/14/10,3,0.001965893,255.8180482,208.1661194,1.965893,208.1661194,255818.0482
Drought,SO4,No,Yes,DD,5,9/14/10,3,-0.004154554,264.0989772,42.4538724,-4.154554,42.4538724,264098.9772
Drought,SO4,No,Yes,DD,1,9/21/10,4,-0.002496797,120.9631647,62.82595089,-2.496797,62.82595089,120963.1647
Drought,SO4,No,Yes,DD,2,9/21/10,4,-0.002122535,281.2395363,119.3449061,-2.122535,119.3449061,281239.5363
Drought,SO4,No,Yes,DD,3,9/21/10,4,0.001776187,244.5898632,602.7557672,1.776187,602.7557672,244589.8632
Drought,SO4,No,Yes,DD,4,9/21/10,4,0.004253743,177.3014647,231.2773134,4.253743,231.2773134,177301.4647
Drought,SO4,No,Yes,DD,5,9/21/10,4,-0.002536636,155.9967264,24.24608199,-2.536636,24.24608199,155996.7264
Drought,SO4,No,Yes,DD,1,10/5/10,6,-0.001230106,116.2715333,12.88425771,-1.230106,12.88425771,116271.5333
Drought,SO4,No,Yes,DD,2,10/5/10,6,-0.002317119,227.7577368,663.9082131,-2.317119,663.9082131,227757.7368
Drought,SO4,No,Yes,DD,3,10/5/10,6,0.000602451,254.6917547,657.4778443,0.602451,657.4778443,254691.7547
Drought,SO4,No,Yes,DD,4,10/5/10,6,-0.000162605,194.4276394,210.9461133,-0.162605,210.9461133,194427.6394
Drought,SO4,No,Yes,DD,5,10/5/10,6,-0.001898954,110.8365446,8.27436799,-1.898954,8.27436799,110836.5446
Drought,SO4,No,Yes,DD,1,10/19/10,8,-0.00014797,104.5970912,13.11624933,-0.14797,13.11624933,104597.0912
Drought,SO4,No,Yes,DD,2,10/19/10,8,-0.000585919,230.4419276,79.97726253,-0.585919,79.97726253,230441.9276
Drought,SO4,No,Yes,DD,3,10/19/10,8,-0.000235777,199.1288204,765.7338954,-0.235777,765.7338954,199128.8204
Drought,SO4,No,Yes,DD,4,10/19/10,8,-0.000366674,201.3281318,437.9167032,-0.366674,437.9167032,201328.1318
Drought,SO4,No,Yes,DD,5,10/19/10,8,-0.001555586,76.59884046,12.28569923,-1.555586,12.28569923,76598.84046
Drought,SO4,No,Yes,DD,1,11/2/10,10,0.001898954,103.0796132,18.26432837,1.898954,18.26432837,103079.6132
Drought,SO4,No,Yes,DD,2,11/2/10,10,-0.002980547,185.4858906,59.418274,-2.980547,59.418274,185485.8906
Drought,SO4,No,Yes,DD,4,11/2/10,10,0.000995277,196.9854462,516.1538927,0.995277,516.1538927,196985.4462
Drought,SO4,No,Yes,DD,5,11/2/10,10,-0.002885423,66.31029683,17.70657394,-2.885423,17.70657394,66310.29683
Drought,SO4,No,Yes,DD,1,11/16/10,12,-0.000743511,112.1436689,24.0634123,-0.743511,24.0634123,112143.6689
Drought,SO4,No,Yes,DD,2,11/16/10,12,0.001704099,172.3719733,30.30319476,1.704099,30.30319476,172371.9733
Drought,SO4,No,Yes,DD,4,11/16/10,12,0.001983779,251.4452739,1683.635889,1.983779,1683.635889,251445.2739
Drought,SO4,No,Yes,DD,5,11/16/10,12,0.001887842,97.8625579,26.68807561,1.887842,26.68807561,97862.5579
Drought,SO4,No,Yes,DD,1,11/30/10,14,0.002105521,123.9947692,219.3663659,2.105521,219.3663659,123994.7692
Drought,SO4,No,Yes,DD,2,11/30/10,14,0.001334214,149.5549712,68.26172292,1.334214,68.26172292,149554.9712
Drought,SO4,No,Yes,DD,3,11/30/10,14,-0.00309809,124.8273936,349.8236489,-3.09809,349.8236489,124827.3936
Drought,SO4,No,Yes,DD,4,11/30/10,14,0.0027387,202.2960525,647.536842,2.7387,647.536842,202296.0525
Drought,SO4,No,Yes,DD,5,11/30/10,14,0.003121173,86.53344903,51.38855823,3.121173,51.38855823,86533.44903
Flooded,SO4,No,Yes,DF,1,8/24/10,0,0.165845427,217.2605601,22.65331088,165.845427,22.65331088,217260.5601
Flooded,SO4,No,Yes,DF,2,8/24/10,0,0.300389421,298.3893042,66.89482438,300.389421,66.89482438,298389.3042
Flooded,SO4,No,Yes,DF,3,8/24/10,0,1.199736982,158.5160643,4.576562075,1199.736982,4.576562075,158516.0643
Flooded,SO4,No,Yes,DF,4,8/24/10,0,-0.012865386,47.07094657,-64.84175243,-12.865386,-64.84175243,47070.94657
Flooded,SO4,No,Yes,DF,5,8/24/10,0,0.053055681,127.4957402,28.86437801,53.055681,28.86437801,127495.7402
Flooded,SO4,No,Yes,DF,1,8/31/10,1,4.841012583,906.3064497,6.912881782,4841.012583,6.912881782,906306.4497
Flooded,SO4,No,Yes,DF,2,8/31/10,1,0.009256281,84.85787793,72.99422904,9.256281,72.99422904,84857.87793
Flooded,SO4,No,Yes,DF,3,8/31/10,1,-0.193966038,-166.2579787,-41.9603555,-193.966038,-41.9603555,-166257.9787
Flooded,SO4,No,Yes,DF,4,8/31/10,1,0.002080303,83.91120131,17.61633637,2.080303,17.61633637,83911.20131
Flooded,SO4,No,Yes,DF,5,8/31/10,1,0.00137776,103.1162123,26.82982968,1.37776,26.82982968,103116.2123
Flooded,SO4,No,Yes,DF,1,9/7/10,2,0.446179572,144.6889986,13.12945392,446.179572,13.12945392,144688.9986
Flooded,SO4,No,Yes,DF,2,9/7/10,2,0.006648099,57.05885793,187.6484557,6.648099,187.6484557,57058.85793
Flooded,SO4,No,Yes,DF,3,9/7/10,2,0.287065037,95.42401124,7.189899199,287.065037,7.189899199,95424.01124
Flooded,SO4,No,Yes,DF,4,9/7/10,2,0.011109163,59.49615211,29.74603546,11.109163,29.74603546,59496.15211
Flooded,SO4,No,Yes,DF,5,9/7/10,2,0.007398521,103.7135573,44.8876457,7.398521,44.8876457,103713.5573
Flooded,SO4,No,Yes,DF,1,9/14/10,3,2.573584821,553.8499602,4.448049798,2573.584821,4.448049798,553849.9602
Flooded,SO4,No,Yes,DF,2,9/14/10,3,0.233276167,126.4004039,70.73657893,233.276167,70.73657893,126400.4039
Flooded,SO4,No,Yes,DF,3,9/14/10,3,0.241790699,69.50808286,4.124667532,241.790699,4.124667532,69508.08286
Flooded,SO4,No,Yes,DF,4,9/14/10,3,0.0024304,127.0403247,76.07681265,2.4304,76.07681265,127040.3247
Flooded,SO4,No,Yes,DF,5,9/14/10,3,0.013294572,176.8392697,128.5342964,13.294572,128.5342964,176839.2697
Flooded,SO4,No,Yes,DF,1,9/21/10,4,0.497849295,78.25095097,1.539915554,497.849295,1.539915554,78250.95097
Flooded,SO4,No,Yes,DF,2,9/21/10,4,0.004310655,38.99216729,104.3741372,4.310655,104.3741372,38992.16729
Flooded,SO4,No,Yes,DF,3,9/21/10,4,0.080368801,157.9721086,6.771164916,80.368801,6.771164916,157972.1086
Flooded,SO4,No,Yes,DF,4,9/21/10,4,0.025293184,126.7611488,67.94620731,25.293184,67.94620731,126761.1488
Flooded,SO4,No,Yes,DF,5,9/21/10,4,0.042439865,117.2925401,169.3029903,42.439865,169.3029903,117292.5401
Flooded,SO4,No,Yes,DF,1,10/5/10,6,16.779017,808.7682514,1.001614639,16779.017,1.001614639,808768.2514
Flooded,SO4,No,Yes,DF,2,10/5/10,6,0.071974326,187.1521108,378.3715722,71.974326,378.3715722,187152.1108
Flooded,SO4,No,Yes,DF,3,10/5/10,6,0.083279699,127.701842,11.32544657,83.279699,11.32544657,127701.842
Flooded,SO4,No,Yes,DF,4,10/5/10,6,0.008103142,117.019543,46.13330348,8.103142,46.13330348,117019.543
Flooded,SO4,No,Yes,DF,5,10/5/10,6,0.01639626,109.781254,187.8072083,16.39626,187.8072083,109781.254
Flooded,SO4,No,Yes,DF,1,10/19/10,8,3.703668572,423.0271244,11.9890981,3703.668572,11.9890981,423027.1244
Flooded,SO4,No,Yes,DF,2,10/19/10,8,0.020303383,151.9445366,166.2900501,20.303383,166.2900501,151944.5366
Flooded,SO4,No,Yes,DF,3,10/19/10,8,0.006117194,243.9976412,568.3721186,6.117194,568.3721186,243997.6412
Flooded,SO4,No,Yes,DF,4,10/19/10,8,0.005045628,95.10256083,20.04315402,5.045628,20.04315402,95102.56083
Flooded,SO4,No,Yes,DF,5,10/19/10,8,0.011864734,97.31543954,15.20424836,11.864734,15.20424836,97315.43954
Flooded,SO4,No,Yes,DF,1,11/2/10,10,0.701698004,224.2757605,2.510434314,701.698004,2.510434314,224275.7605
Flooded,SO4,No,Yes,DF,2,11/2/10,10,0.055534705,111.9195482,206.7033112,55.534705,206.7033112,111919.5482
Flooded,SO4,No,Yes,DF,3,11/2/10,10,0.000406919,149.4101115,418.674919,0.406919,418.674919,149410.1115
Flooded,SO4,No,Yes,DF,4,11/2/10,10,0.002230419,84.44323695,46.40252833,2.230419,46.40252833,84443.23695
Flooded,SO4,No,Yes,DF,5,11/2/10,10,0.012564567,71.3326639,47.19238598,12.564567,47.19238598,71332.6639
Flooded,SO4,No,Yes,DF,1,11/16/10,12,0.122672349,210.6050097,17.2443203,122.672349,17.2443203,210605.0097
Flooded,SO4,No,Yes,DF,2,11/16/10,12,0.005318398,53.69362158,196.6710858,5.318398,196.6710858,53693.62158
Flooded,SO4,No,Yes,DF,3,11/16/10,12,0.00565438,54.24191646,66.7888157,5.65438,66.7888157,54241.91646
Flooded,SO4,No,Yes,DF,4,11/16/10,12,0.003506167,116.3681553,41.02535895,3.506167,41.02535895,116368.1553
Flooded,SO4,No,Yes,DF,5,11/16/10,12,0.017386523,106.6261628,45.91208011,17.386523,45.91208011,106626.1628
Flooded,SO4,No,Yes,DF,1,11/30/10,14,0.092193008,355.1815126,65.27601444,92.193008,65.27601444,355181.5126
Flooded,SO4,No,Yes,DF,2,11/30/10,14,0.032215183,147.0309982,320.3661339,32.215183,320.3661339,147030.9982
Flooded,SO4,No,Yes,DF,3,11/30/10,14,0.011361234,85.58678449,113.8392453,11.361234,113.8392453,85586.78449
Flooded,SO4,No,Yes,DF,4,11/30/10,14,-1.296162966,76.76101026,59.03330849,-1296.162966,59.03330849,76761.01026
Flooded,SO4,No,Yes,DF,5,11/30/10,14,0.005611378,83.95984052,90.08277878,5.611378,90.08277878,83959.84052